{
	"credit": "Made with Blockbench",
	"textures": {
		"particle": "block/tnt_side"
	},
	"elements": [
		{
			"from": [7, 0, 7],
			"to": [9, 1, 9],
			"color": 5,
			"faces": {
				"north": {"uv": [0, 0, 2, 1], "texture": "#missing"},
				"east": {"uv": [0, 0, 2, 1], "texture": "#missing"},
				"south": {"uv": [0, 0, 2, 1], "texture": "#missing"},
				"west": {"uv": [0, 0, 2, 1], "texture": "#missing"},
				"up": {"uv": [0, 0, 2, 2], "texture": "#missing"},
				"down": {"uv": [0, 0, 2, 2], "texture": "#missing"}
			}
		},
		{
			"from": [6, 1, 6],
			"to": [10, 2, 10],
			"color": 5,
			"faces": {
				"north": {"uv": [0, 0, 4, 1], "texture": "#missing"},
				"east": {"uv": [0, 0, 4, 1], "texture": "#missing"},
				"south": {"uv": [0, 0, 4, 1], "texture": "#missing"},
				"west": {"uv": [0, 0, 4, 1], "texture": "#missing"},
				"up": {"uv": [0, 0, 4, 4], "texture": "#missing"},
				"down": {"uv": [0, 0, 4, 4], "texture": "#missing"}
			}
		},
		{
			"from": [5, 2, 5],
			"to": [11, 3, 11],
			"color": 0,
			"faces": {
				"north": {"uv": [0, 0, 6, 1], "texture": "#missing"},
				"east": {"uv": [0, 0, 6, 1], "texture": "#missing"},
				"south": {"uv": [0, 0, 6, 1], "texture": "#missing"},
				"west": {"uv": [0, 0, 6, 1], "texture": "#missing"},
				"up": {"uv": [0, 0, 6, 6], "texture": "#missing"},
				"down": {"uv": [0, 0, 6, 6], "texture": "#missing"}
			}
		},
		{
			"from": [4, 3, 4],
			"to": [12, 4, 12],
			"color": 6,
			"faces": {
				"north": {"uv": [0, 0, 8, 1], "texture": "#missing"},
				"east": {"uv": [0, 0, 8, 1], "texture": "#missing"},
				"south": {"uv": [0, 0, 8, 1], "texture": "#missing"},
				"west": {"uv": [0, 0, 8, 1], "texture": "#missing"},
				"up": {"uv": [0, 0, 8, 8], "texture": "#missing"},
				"down": {"uv": [0, 0, 8, 8], "texture": "#missing"}
			}
		},
		{
			"from": [5, 4, 5],
			"to": [11, 5, 11],
			"color": 6,
			"faces": {
				"north": {"uv": [0, 0, 6, 1], "texture": "#missing"},
				"east": {"uv": [0, 0, 6, 1], "texture": "#missing"},
				"south": {"uv": [0, 0, 6, 1], "texture": "#missing"},
				"west": {"uv": [0, 0, 6, 1], "texture": "#missing"},
				"up": {"uv": [0, 0, 6, 6], "texture": "#missing"},
				"down": {"uv": [0, 0, 6, 6], "texture": "#missing"}
			}
		}
	],
	"display": {
		"thirdperson_righthand": {
			"translation": [0, 5.25, 0]
		},
		"thirdperson_lefthand": {
			"translation": [0, 5.25, 0]
		},
		"firstperson_righthand": {
			"rotation": [0, 58, 0],
			"translation": [0, 5, 0]
		},
		"firstperson_lefthand": {
			"rotation": [0, 58, 0],
			"translation": [0, 5, 0]
		},
		"ground": {
			"translation": [0, 4.75, 0]
		},
		"gui": {
			"rotation": [0, 98, 0],
			"translation": [0, 5.75, 0],
			"scale": [1.5, 1.5, 1.5]
		},
		"fixed": {
			"rotation": [0, 52, 0],
			"translation": [0, 8, 0],
			"scale": [2, 2, 2]
		}
	}
}