{"credit":"By Ewan Howell","parent":"builtin/entity","textures":{"particle":"entity/decorated_pot/decorated_pot_side"},"gui_light":"front","display":{"thirdperson_righthand":{"rotation":[0,90,0],"translation":[0,2,0.5],"scale":[0.375,0.375,0.375]},"firstperson_righthand":{"rotation":[0,90,0],"scale":[0.1875,0.1875,0.1875]},"ground":{"translation":[0,1,0],"scale":[0.25,0.25,0.25]},"gui":{"rotation":[30,45,0],"scale":[0.6,0.6,0.6]},"head":{"rotation":[0,180,0],"translation":[0,16,0],"scale":[1.5,1.5,1.5]},"fixed":{"rotation":[0,180,0],"scale":[0.5,0.5,0.5]}}}