{
	"credit": "Made with Blockbench",
	"textures": {
		"0": "item/totem_of_undying",
		"particle": "item/totem_of_undying"
	},
	"elements": [
		{
			"from": [5, 1, 5],
			"to": [11, 3, 9],
			"faces": {
				"north": {"uv": [2, 6.5, 5, 7.5], "texture": "#0"},
				"east": {"uv": [6, 3, 8, 4], "texture": "#0"},
				"south": {"uv": [2, 6.5, 5, 7.5], "texture": "#0"},
				"west": {"uv": [6, 3, 8, 4], "texture": "#0"},
				"up": {"uv": [0, 0, 6, 4], "texture": "#missing"},
				"down": {"uv": [3.5, 8, 6.5, 10], "texture": "#0"}
			}
		},
		{
			"from": [4, 3, 4.5],
			"to": [12, 7, 9.5],
			"faces": {
				"north": {"uv": [1.5, 4.5, 5.5, 6.5], "texture": "#0"},
				"east": {"uv": [5.5, 6, 8, 8], "texture": "#0"},
				"south": {"uv": [1.5, 4.5, 5.5, 6.5], "texture": "#0"},
				"west": {"uv": [5.5, 6, 8, 8], "texture": "#0"},
				"up": {"uv": [6.5, 8, 10.5, 10.5], "texture": "#0"},
				"down": {"uv": [6.5, 8, 10.5, 10.5], "texture": "#0"}
			}
		},
		{
			"from": [4, 8, 4.5],
			"to": [12, 14, 9.5],
			"faces": {
				"north": {"uv": [1.5, 1, 5.5, 4], "texture": "#0"},
				"east": {"uv": [5.5, 0, 8, 3], "texture": "#0"},
				"south": {"uv": [8, 3.5, 12, 6.5], "texture": "#0"},
				"west": {"uv": [5.5, 0, 8, 3], "texture": "#0"},
				"up": {"uv": [3.5, 8, 6.5, 10], "texture": "#0"},
				"down": {"uv": [6.5, 8, 10.5, 10.5], "texture": "#0"}
			}
		},
		{
			"from": [6, 0, 6],
			"to": [10, 1, 8],
			"faces": {
				"north": {"uv": [2.5, 8, 4.5, 7.5], "texture": "#0"},
				"east": {"uv": [2.5, 7.5, 4, 8], "texture": "#0"},
				"south": {"uv": [2.5, 7.5, 4.5, 8], "texture": "#0"},
				"west": {"uv": [2.5, 7.5, 4, 8], "texture": "#0"},
				"up": {"uv": [0, 0, 4, 2], "texture": "#missing"},
				"down": {"uv": [0, 8, 3, 10], "texture": "#0"}
			}
		},
		{
			"from": [12, 5, 6],
			"to": [14, 8, 8],
			"faces": {
				"north": {"uv": [5.5, 4, 6.5, 5.5], "texture": "#0"},
				"east": {"uv": [9.5, 7, 10.5, 8], "texture": "#0"},
				"south": {"uv": [5.5, 4, 6.5, 5.5], "texture": "#0"},
				"west": {"uv": [0, 0, 2, 3], "texture": "#missing"},
				"up": {"uv": [8, 7, 9, 8], "texture": "#0"},
				"down": {"uv": [9.5, 7, 10.5, 8], "texture": "#0"}
			}
		},
		{
			"from": [1, 6, 6],
			"to": [2, 8, 8],
			"faces": {
				"north": {"uv": [6.5, 4, 7, 5], "texture": "#0"},
				"east": {"uv": [0, 0, 2, 2], "texture": "#missing"},
				"south": {"uv": [6.5, 4, 7, 5], "texture": "#0"},
				"west": {"uv": [9.5, 6.5, 10.5, 7.5], "texture": "#0"},
				"up": {"uv": [9, 7, 9.5, 8], "texture": "#0"},
				"down": {"uv": [9.5, 7, 10, 8], "texture": "#0"}
			}
		},
		{
			"from": [2, 5, 6],
			"to": [4, 8, 8],
			"faces": {
				"north": {"uv": [5.5, 4, 6.5, 5.5], "texture": "#0"},
				"east": {"uv": [0, 0, 2, 3], "texture": "#missing"},
				"south": {"uv": [5.5, 4, 6.5, 5.5], "texture": "#0"},
				"west": {"uv": [9.5, 7, 10, 8], "texture": "#0"},
				"up": {"uv": [8, 7, 9, 8], "texture": "#0"},
				"down": {"uv": [9.5, 7, 10.5, 8], "texture": "#0"}
			}
		},
		{
			"from": [14, 6, 6],
			"to": [15, 8, 8],
			"faces": {
				"north": {"uv": [6.5, 4, 7, 5], "texture": "#0"},
				"east": {"uv": [9.5, 6.5, 10.5, 7.5], "texture": "#0"},
				"south": {"uv": [6.5, 4, 7, 5], "texture": "#0"},
				"west": {"uv": [0, 0, 2, 2], "texture": "#missing"},
				"up": {"uv": [9, 7, 9.5, 8], "texture": "#0"},
				"down": {"uv": [9.5, 7, 10, 8], "texture": "#0"}
			}
		},
		{
			"from": [5, 7, 5],
			"to": [11, 8, 9],
			"faces": {
				"north": {"uv": [2, 4, 5, 4.5], "texture": "#0"},
				"east": {"uv": [2.5, 4, 4.5, 4.5], "texture": "#0"},
				"south": {"uv": [2, 4, 5, 4.5], "texture": "#0"},
				"west": {"uv": [2.5, 4, 4.5, 4.5], "texture": "#0"},
				"up": {"uv": [0, 0, 6, 4], "texture": "#missing"},
				"down": {"uv": [0, 0, 6, 4], "texture": "#missing"}
			}
		},
		{
			"from": [7, 7, 3.5],
			"to": [9, 10, 5.5],
			"faces": {
				"north": {"uv": [3, 3, 4, 4.5], "texture": "#0"},
				"east": {"uv": [3, 3, 4, 4.5], "texture": "#0"},
				"south": {"uv": [0, 0, 2, 3], "texture": "#missing"},
				"west": {"uv": [3, 3, 4, 4.5], "texture": "#0"},
				"up": {"uv": [3, 3.5, 4, 4.5], "texture": "#0"},
				"down": {"uv": [3, 3.5, 4, 4.5], "texture": "#0"}
			}
		},
		{
			"from": [4, 7, 6],
			"to": [5, 8, 8],
			"faces": {
				"north": {"uv": [5, 4, 5.5, 4.5], "texture": "#0"},
				"east": {"uv": [0, 0, 2, 1], "texture": "#missing"},
				"south": {"uv": [5, 4, 5.5, 4.5], "texture": "#0"},
				"west": {"uv": [0, 0, 2, 1], "texture": "#missing"},
				"up": {"uv": [0, 0, 1, 2], "texture": "#missing"},
				"down": {"uv": [0, 0, 1, 2], "texture": "#missing"}
			}
		},
		{
			"from": [11, 7, 6],
			"to": [12, 8, 8],
			"faces": {
				"north": {"uv": [5, 4, 5.5, 4.5], "texture": "#0"},
				"east": {"uv": [0, 0, 2, 1], "texture": "#missing"},
				"south": {"uv": [5, 4, 5.5, 4.5], "texture": "#0"},
				"west": {"uv": [0, 0, 2, 1], "texture": "#missing"},
				"up": {"uv": [0, 0, 1, 2], "texture": "#missing"},
				"down": {"uv": [0, 0, 1, 2], "texture": "#missing"}
			}
		},
		{
			"from": [5, 8, 2],
			"to": [7, 9, 3],
			"faces": {
				"north": {"uv": [0, 0, 2, 1], "texture": "#0"},
				"east": {"uv": [0, 0, 0.5, 1], "texture": "#0"},
				"south": {"uv": [0, 0, 2, 1], "texture": "#0"},
				"west": {"uv": [0, 0, 0.5, 1], "texture": "#0"},
				"up": {"uv": [0, 0, 2, 0.5], "texture": "#0"},
				"down": {"uv": [0, 0, 2, 0.5], "texture": "#0"}
			}
		},
		{
			"from": [9, 8, 2],
			"to": [11, 9, 3],
			"faces": {
				"north": {"uv": [0, 0, 2, 1], "texture": "#0"},
				"east": {"uv": [0, 0, 0.5, 1], "texture": "#0"},
				"south": {"uv": [0, 0, 2, 1], "texture": "#0"},
				"west": {"uv": [0, 0, 0.5, 1], "texture": "#0"},
				"up": {"uv": [0, 0, 2, 0.5], "texture": "#0"},
				"down": {"uv": [0, 0.5, 2, 0], "texture": "#0"}
			}
		},
		{
			"from": [3, 16, 6],
			"to": [6, 19, 7],
			"rotation": {"angle": -22.5, "axis": "z", "origin": [0, 0, 0]},
			"faces": {
				"north": {"uv": [13.5, 13.5, 15, 15], "texture": "#0"},
				"east": {"uv": [13.5, 13.5, 15, 14], "texture": "#0"},
				"south": {"uv": [13.5, 13.5, 15, 15], "texture": "#0"},
				"west": {"uv": [13.5, 13.5, 15, 14], "texture": "#0"},
				"up": {"uv": [13.5, 13.5, 15, 14], "texture": "#0"},
				"down": {"uv": [13.5, 13.5, 15, 14], "texture": "#0"}
			}
		},
		{
			"from": [9, 10, 6],
			"to": [12, 13, 7],
			"rotation": {"angle": 22.5, "axis": "z", "origin": [0, 0, 0]},
			"faces": {
				"north": {"uv": [13.5, 13.5, 15, 15], "texture": "#0"},
				"east": {"uv": [13.5, 13.5, 14, 15], "texture": "#0"},
				"south": {"uv": [13.5, 13.5, 15, 15], "texture": "#0"},
				"west": {"uv": [13.5, 13.5, 14, 15], "texture": "#0"},
				"up": {"uv": [13.5, 13.5, 15, 14], "texture": "#0"},
				"down": {"uv": [13.5, 13.5, 15, 14], "texture": "#0"}
			}
		}
	],
	"gui_light": "front",
	"display": {
		"thirdperson_righthand": {
			"rotation": [0, 180, 0],
			"translation": [0, 2.25, 0.25],
			"scale": [0.4, 0.4, 0.4]
		},
		"thirdperson_lefthand": {
			"rotation": [0, 180, 0],
			"translation": [0, 2.25, 0.25],
			"scale": [0.4, 0.4, 0.4]
		},
		"firstperson_righthand": {
			"rotation": [0, 120, 0],
			"translation": [0, 4.75, 1.75],
			"scale": [0.3, 0.3, 0.3]
		},
		"firstperson_lefthand": {
			"rotation": [0, 120, 0],
			"translation": [0, 4.75, 1.75],
			"scale": [0.3, 0.3, 0.3]
		},
		"ground": {
			"translation": [0, 1.75, 0],
			"scale": [0.5, 0.5, 0.5]
		},
		"gui": {
			"rotation": [-165, 0, 180]
		},
		"head": {
			"translation": [0, 14.25, 0]
		}
	}
}